[{"name":"Brunei","flag":"\ud83c\udde7\ud83c\uddf3","idd":"+673"},{"name":"Palestine","flag":"\ud83c\uddf5\ud83c\uddf8","idd":"+970"},{"name":"Barbados","flag":"\ud83c\udde7\ud83c\udde7","idd":"+1246"},{"name":"Russia","flag":"\ud83c\uddf7\ud83c\uddfa","idd":"+73"},{"name":"New Caledonia","flag":"\ud83c\uddf3\ud83c\udde8","idd":"+687"},{"name":"Turkey","flag":"\ud83c\uddf9\ud83c\uddf7","idd":"+90"},{"name":"China","flag":"\ud83c\udde8\ud83c\uddf3","idd":"+86"},{"name":"Denmark","flag":"\ud83c\udde9\ud83c\uddf0","idd":"+45"},{"name":"Croatia","flag":"\ud83c\udded\ud83c\uddf7","idd":"+385"},{"name":"Canada","flag":"\ud83c\udde8\ud83c\udde6","idd":"+1"},{"name":"Syria","flag":"\ud83c\uddf8\ud83c\uddfe","idd":"+963"},{"name":"Rwanda","flag":"\ud83c\uddf7\ud83c\uddfc","idd":"+250"},{"name":"Mauritania","flag":"\ud83c\uddf2\ud83c\uddf7","idd":"+222"},{"name":"Puerto Rico","flag":"\ud83c\uddf5\ud83c\uddf7","idd":"+1787"},{"name":"Nicaragua","flag":"\ud83c\uddf3\ud83c\uddee","idd":"+505"},{"name":"Republic of the Congo","flag":"\ud83c\udde8\ud83c\uddec","idd":"+242"},{"name":"Italy","flag":"\ud83c\uddee\ud83c\uddf9","idd":"+39"},{"name":"Somalia","flag":"\ud83c\uddf8\ud83c\uddf4","idd":"+252"},{"name":"Guyana","flag":"\ud83c\uddec\ud83c\uddfe","idd":"+592"},{"name":"Paraguay","flag":"\ud83c\uddf5\ud83c\uddfe","idd":"+595"},{"name":"Tajikistan","flag":"\ud83c\uddf9\ud83c\uddef","idd":"+992"},{"name":"India","flag":"\ud83c\uddee\ud83c\uddf3","idd":"+91"},{"name":"Myanmar","flag":"\ud83c\uddf2\ud83c\uddf2","idd":"+95"},{"name":"Qatar","flag":"\ud83c\uddf6\ud83c\udde6","idd":"+974"},{"name":"Micronesia","flag":"\ud83c\uddeb\ud83c\uddf2","idd":"+691"},{"name":"Honduras","flag":"\ud83c\udded\ud83c\uddf3","idd":"+504"},{"name":"Eritrea","flag":"\ud83c\uddea\ud83c\uddf7","idd":"+291"},{"name":"Singapore","flag":"\ud83c\uddf8\ud83c\uddec","idd":"+65"},{"name":"Niger","flag":"\ud83c\uddf3\ud83c\uddea","idd":"+227"},{"name":"Hungary","flag":"\ud83c\udded\ud83c\uddfa","idd":"+36"},{"name":"Saint Martin","flag":"\ud83c\uddf2\ud83c\uddeb","idd":"+590"},{"name":"Nauru","flag":"\ud83c\uddf3\ud83c\uddf7","idd":"+674"},{"name":"Montenegro","flag":"\ud83c\uddf2\ud83c\uddea","idd":"+382"},{"name":"Zimbabwe","flag":"\ud83c\uddff\ud83c\uddfc","idd":"+263"},{"name":"Hong Kong","flag":"\ud83c\udded\ud83c\uddf0","idd":"+852"},{"name":"Fiji","flag":"\ud83c\uddeb\ud83c\uddef","idd":"+679"},{"name":"Bahamas","flag":"\ud83c\udde7\ud83c\uddf8","idd":"+1242"},{"name":"Bolivia","flag":"\ud83c\udde7\ud83c\uddf4","idd":"+591"},{"name":"Switzerland","flag":"\ud83c\udde8\ud83c\udded","idd":"+41"},{"name":"Eswatini","flag":"\ud83c\uddf8\ud83c\uddff","idd":"+268"},{"name":"Vatican City","flag":"\ud83c\uddfb\ud83c\udde6","idd":"+3906698"},{"name":"Senegal","flag":"\ud83c\uddf8\ud83c\uddf3","idd":"+221"},{"name":"Ukraine","flag":"\ud83c\uddfa\ud83c\udde6","idd":"+380"},{"name":"Turks and Caicos Islands","flag":"\ud83c\uddf9\ud83c\udde8","idd":"+1649"},{"name":"Cape Verde","flag":"\ud83c\udde8\ud83c\uddfb","idd":"+238"},{"name":"Saint Barth\u00e9lemy","flag":"\ud83c\udde7\ud83c\uddf1","idd":"+590"},{"name":"Afghanistan","flag":"\ud83c\udde6\ud83c\uddeb","idd":"+93"},{"name":"Bulgaria","flag":"\ud83c\udde7\ud83c\uddec","idd":"+359"},{"name":"South Sudan","flag":"\ud83c\uddf8\ud83c\uddf8","idd":"+211"},{"name":"Saint Helena, Ascension and Tristan da Cunha","flag":"\ud83c\uddf8\ud83c\udded","idd":"+290"},{"name":"Pitcairn Islands","flag":"\ud83c\uddf5\ud83c\uddf3","idd":"+64"},{"name":"Cuba","flag":"\ud83c\udde8\ud83c\uddfa","idd":"+53"},{"name":"Libya","flag":"\ud83c\uddf1\ud83c\uddfe","idd":"+218"},{"name":"Japan","flag":"\ud83c\uddef\ud83c\uddf5","idd":"+81"},{"name":"Trinidad and Tobago","flag":"\ud83c\uddf9\ud83c\uddf9","idd":"+1868"},{"name":"Isle of Man","flag":"\ud83c\uddee\ud83c\uddf2","idd":"+44"},{"name":"Jersey","flag":"\ud83c\uddef\ud83c\uddea","idd":"+44"},{"name":"Palau","flag":"\ud83c\uddf5\ud83c\uddfc","idd":"+680"},{"name":"Svalbard and Jan Mayen","flag":"\ud83c\uddf8\ud83c\uddef","idd":"+4779"},{"name":"Madagascar","flag":"\ud83c\uddf2\ud83c\uddec","idd":"+261"},{"name":"Netherlands","flag":"\ud83c\uddf3\ud83c\uddf1","idd":"+31"},{"name":"South Georgia","flag":"\ud83c\uddec\ud83c\uddf8","idd":"+500"},{"name":"United Arab Emirates","flag":"\ud83c\udde6\ud83c\uddea","idd":"+971"},{"name":"Central African Republic","flag":"\ud83c\udde8\ud83c\uddeb","idd":"+236"},{"name":"Slovakia","flag":"\ud83c\uddf8\ud83c\uddf0","idd":"+421"},{"name":"Dominican Republic","flag":"\ud83c\udde9\ud83c\uddf4","idd":"+1809"},{"name":"Mexico","flag":"\ud83c\uddf2\ud83c\uddfd","idd":"+52"},{"name":"French Polynesia","flag":"\ud83c\uddf5\ud83c\uddeb","idd":"+689"},{"name":"Djibouti","flag":"\ud83c\udde9\ud83c\uddef","idd":"+253"},{"name":"Mozambique","flag":"\ud83c\uddf2\ud83c\uddff","idd":"+258"},{"name":"Jordan","flag":"\ud83c\uddef\ud83c\uddf4","idd":"+962"},{"name":"Ethiopia","flag":"\ud83c\uddea\ud83c\uddf9","idd":"+251"},{"name":"Guernsey","flag":"\ud83c\uddec\ud83c\uddec","idd":"+44"},{"name":"Bangladesh","flag":"\ud83c\udde7\ud83c\udde9","idd":"+880"},{"name":"Poland","flag":"\ud83c\uddf5\ud83c\uddf1","idd":"+48"},{"name":"Germany","flag":"\ud83c\udde9\ud83c\uddea","idd":"+49"},{"name":"Liberia","flag":"\ud83c\uddf1\ud83c\uddf7","idd":"+231"},{"name":"Gambia","flag":"\ud83c\uddec\ud83c\uddf2","idd":"+220"},{"name":"United Kingdom","flag":"\ud83c\uddec\ud83c\udde7","idd":"+44"},{"name":"Latvia","flag":"\ud83c\uddf1\ud83c\uddfb","idd":"+371"},{"name":"Spain","flag":"\ud83c\uddea\ud83c\uddf8","idd":"+34"},{"name":"Algeria","flag":"\ud83c\udde9\ud83c\uddff","idd":"+213"},{"name":"Belarus","flag":"\ud83c\udde7\ud83c\uddfe","idd":"+375"},{"name":"Finland","flag":"\ud83c\uddeb\ud83c\uddee","idd":"+358"},{"name":"Azerbaijan","flag":"\ud83c\udde6\ud83c\uddff","idd":"+994"},{"name":"Guadeloupe","flag":"\ud83c\uddec\ud83c\uddf5","idd":"+590"},{"name":"Venezuela","flag":"\ud83c\uddfb\ud83c\uddea","idd":"+58"},{"name":"French Southern and Antarctic Lands","flag":"\ud83c\uddf9\ud83c\uddeb","idd":"+262"},{"name":"Gabon","flag":"\ud83c\uddec\ud83c\udde6","idd":"+241"},{"name":"Togo","flag":"\ud83c\uddf9\ud83c\uddec","idd":"+228"},{"name":"American Samoa","flag":"\ud83c\udde6\ud83c\uddf8","idd":"+1684"},{"name":"United States Virgin Islands","flag":"\ud83c\uddfb\ud83c\uddee","idd":"+1340"},{"name":"Sri Lanka","flag":"\ud83c\uddf1\ud83c\uddf0","idd":"+94"},{"name":"Austria","flag":"\ud83c\udde6\ud83c\uddf9","idd":"+43"},{"name":"South Korea","flag":"\ud83c\uddf0\ud83c\uddf7","idd":"+82"},{"name":"Guatemala","flag":"\ud83c\uddec\ud83c\uddf9","idd":"+502"},{"name":"Israel","flag":"\ud83c\uddee\ud83c\uddf1","idd":"+972"},{"name":"Samoa","flag":"\ud83c\uddfc\ud83c\uddf8","idd":"+685"},{"name":"Montserrat","flag":"\ud83c\uddf2\ud83c\uddf8","idd":"+1664"},{"name":"Northern Mariana Islands","flag":"\ud83c\uddf2\ud83c\uddf5","idd":"+1670"},{"name":"Cocos (Keeling) Islands","flag":"\ud83c\udde8\ud83c\udde8","idd":"+61"},{"name":"Tunisia","flag":"\ud83c\uddf9\ud83c\uddf3","idd":"+216"},{"name":"Lesotho","flag":"\ud83c\uddf1\ud83c\uddf8","idd":"+266"},{"name":"Serbia","flag":"\ud83c\uddf7\ud83c\uddf8","idd":"+381"},{"name":"Cayman Islands","flag":"\ud83c\uddf0\ud83c\uddfe","idd":"+1345"},{"name":"Belize","flag":"\ud83c\udde7\ud83c\uddff","idd":"+501"},{"name":"Cyprus","flag":"\ud83c\udde8\ud83c\uddfe","idd":"+357"},{"name":"Greenland","flag":"\ud83c\uddec\ud83c\uddf1","idd":"+299"},{"name":"Romania","flag":"\ud83c\uddf7\ud83c\uddf4","idd":"+40"},{"name":"Haiti","flag":"\ud83c\udded\ud83c\uddf9","idd":"+509"},{"name":"Grenada","flag":"\ud83c\uddec\ud83c\udde9","idd":"+1473"},{"name":"Malawi","flag":"\ud83c\uddf2\ud83c\uddfc","idd":"+265"},{"name":"Portugal","flag":"\ud83c\uddf5\ud83c\uddf9","idd":"+351"},{"name":"Cura\u00e7ao","flag":"\ud83c\udde8\ud83c\uddfc","idd":"+599"},{"name":"Brazil","flag":"\ud83c\udde7\ud83c\uddf7","idd":"+55"},{"name":"Thailand","flag":"\ud83c\uddf9\ud83c\udded","idd":"+66"},{"name":"Mali","flag":"\ud83c\uddf2\ud83c\uddf1","idd":"+223"},{"name":"Timor-Leste","flag":"\ud83c\uddf9\ud83c\uddf1","idd":"+670"},{"name":"Ecuador","flag":"\ud83c\uddea\ud83c\udde8","idd":"+593"},{"name":"Mongolia","flag":"\ud83c\uddf2\ud83c\uddf3","idd":"+976"},{"name":"Bermuda","flag":"\ud83c\udde7\ud83c\uddf2","idd":"+1441"},{"name":"Australia","flag":"\ud83c\udde6\ud83c\uddfa","idd":"+61"},{"name":"British Indian Ocean Territory","flag":"\ud83c\uddee\ud83c\uddf4","idd":"+246"},{"name":"Falkland Islands","flag":"\ud83c\uddeb\ud83c\uddf0","idd":"+500"},{"name":"Wallis and Futuna","flag":"\ud83c\uddfc\ud83c\uddeb","idd":"+681"},{"name":"San Marino","flag":"\ud83c\uddf8\ud83c\uddf2","idd":"+378"},{"name":"Iceland","flag":"\ud83c\uddee\ud83c\uddf8","idd":"+354"},{"name":"Angola","flag":"\ud83c\udde6\ud83c\uddf4","idd":"+244"},{"name":"Greece","flag":"\ud83c\uddec\ud83c\uddf7","idd":"+30"},{"name":"Lithuania","flag":"\ud83c\uddf1\ud83c\uddf9","idd":"+370"},{"name":"Saint Pierre and Miquelon","flag":"\ud83c\uddf5\ud83c\uddf2","idd":"+508"},{"name":"Gibraltar","flag":"\ud83c\uddec\ud83c\uddee","idd":"+350"},{"name":"Papua New Guinea","flag":"\ud83c\uddf5\ud83c\uddec","idd":"+675"},{"name":"Uzbekistan","flag":"\ud83c\uddfa\ud83c\uddff","idd":"+998"},{"name":"Turkmenistan","flag":"\ud83c\uddf9\ud83c\uddf2","idd":"+993"},{"name":"Sint Maarten","flag":"\ud83c\uddf8\ud83c\uddfd","idd":"+1721"},{"name":"Yemen","flag":"\ud83c\uddfe\ud83c\uddea","idd":"+967"},{"name":"Nigeria","flag":"\ud83c\uddf3\ud83c\uddec","idd":"+234"},{"name":"Sierra Leone","flag":"\ud83c\uddf8\ud83c\uddf1","idd":"+232"},{"name":"Botswana","flag":"\ud83c\udde7\ud83c\uddfc","idd":"+267"},{"name":"Georgia","flag":"\ud83c\uddec\ud83c\uddea","idd":"+995"},{"name":"Benin","flag":"\ud83c\udde7\ud83c\uddef","idd":"+229"},{"name":"\u00c5land Islands","flag":"\ud83c\udde6\ud83c\uddfd","idd":"+35818"},{"name":"Ivory Coast","flag":"\ud83c\udde8\ud83c\uddee","idd":"+225"},{"name":"Western Sahara","flag":"\ud83c\uddea\ud83c\udded","idd":"+2125288"},{"name":"North Korea","flag":"\ud83c\uddf0\ud83c\uddf5","idd":"+850"},{"name":"Macau","flag":"\ud83c\uddf2\ud83c\uddf4","idd":"+853"},{"name":"Colombia","flag":"\ud83c\udde8\ud83c\uddf4","idd":"+57"},{"name":"S\u00e3o Tom\u00e9 and Pr\u00edncipe","flag":"\ud83c\uddf8\ud83c\uddf9","idd":"+239"},{"name":"Estonia","flag":"\ud83c\uddea\ud83c\uddea","idd":"+372"},{"name":"Mayotte","flag":"\ud83c\uddfe\ud83c\uddf9","idd":"+262"},{"name":"Martinique","flag":"\ud83c\uddf2\ud83c\uddf6","idd":"+596"},{"name":"Tanzania","flag":"\ud83c\uddf9\ud83c\uddff","idd":"+255"},{"name":"Dominica","flag":"\ud83c\udde9\ud83c\uddf2","idd":"+1767"},{"name":"Jamaica","flag":"\ud83c\uddef\ud83c\uddf2","idd":"+1876"},{"name":"Slovenia","flag":"\ud83c\uddf8\ud83c\uddee","idd":"+386"},{"name":"South Africa","flag":"\ud83c\uddff\ud83c\udde6","idd":"+27"},{"name":"Equatorial Guinea","flag":"\ud83c\uddec\ud83c\uddf6","idd":"+240"},{"name":"Guinea","flag":"\ud83c\uddec\ud83c\uddf3","idd":"+224"},{"name":"Uganda","flag":"\ud83c\uddfa\ud83c\uddec","idd":"+256"},{"name":"Cambodia","flag":"\ud83c\uddf0\ud83c\udded","idd":"+855"},{"name":"El Salvador","flag":"\ud83c\uddf8\ud83c\uddfb","idd":"+503"},{"name":"Belgium","flag":"\ud83c\udde7\ud83c\uddea","idd":"+32"},{"name":"British Virgin Islands","flag":"\ud83c\uddfb\ud83c\uddec","idd":"+1284"},{"name":"United States","flag":"\ud83c\uddfa\ud83c\uddf8","idd":"+1201"},{"name":"Comoros","flag":"\ud83c\uddf0\ud83c\uddf2","idd":"+269"},{"name":"Faroe Islands","flag":"\ud83c\uddeb\ud83c\uddf4","idd":"+298"},{"name":"Caribbean Netherlands","flag":"","idd":"+599"},{"name":"Costa Rica","flag":"\ud83c\udde8\ud83c\uddf7","idd":"+506"},{"name":"Norfolk Island","flag":"\ud83c\uddf3\ud83c\uddeb","idd":"+672"},{"name":"Kenya","flag":"\ud83c\uddf0\ud83c\uddea","idd":"+254"},{"name":"Vanuatu","flag":"\ud83c\uddfb\ud83c\uddfa","idd":"+678"},{"name":"Suriname","flag":"\ud83c\uddf8\ud83c\uddf7","idd":"+597"},{"name":"Moldova","flag":"\ud83c\uddf2\ud83c\udde9","idd":"+373"},{"name":"Ghana","flag":"\ud83c\uddec\ud83c\udded","idd":"+233"},{"name":"Maldives","flag":"\ud83c\uddf2\ud83c\uddfb","idd":"+960"},{"name":"Egypt","flag":"\ud83c\uddea\ud83c\uddec","idd":"+20"},{"name":"Ireland","flag":"\ud83c\uddee\ud83c\uddea","idd":"+353"},{"name":"Kosovo","flag":"\ud83c\uddfd\ud83c\uddf0","idd":"+383"},{"name":"Chile","flag":"\ud83c\udde8\ud83c\uddf1","idd":"+56"},{"name":"Kiribati","flag":"\ud83c\uddf0\ud83c\uddee","idd":"+686"},{"name":"Monaco","flag":"\ud83c\uddf2\ud83c\udde8","idd":"+377"},{"name":"Iraq","flag":"\ud83c\uddee\ud83c\uddf6","idd":"+964"},{"name":"Burkina Faso","flag":"\ud83c\udde7\ud83c\uddeb","idd":"+226"},{"name":"Nepal","flag":"\ud83c\uddf3\ud83c\uddf5","idd":"+977"},{"name":"Oman","flag":"\ud83c\uddf4\ud83c\uddf2","idd":"+968"},{"name":"Kuwait","flag":"\ud83c\uddf0\ud83c\uddfc","idd":"+965"},{"name":"Philippines","flag":"\ud83c\uddf5\ud83c\udded","idd":"+63"},{"name":"Saint Kitts and Nevis","flag":"\ud83c\uddf0\ud83c\uddf3","idd":"+1869"},{"name":"Kyrgyzstan","flag":"\ud83c\uddf0\ud83c\uddec","idd":"+996"},{"name":"Mauritius","flag":"\ud83c\uddf2\ud83c\uddfa","idd":"+230"},{"name":"Christmas Island","flag":"\ud83c\udde8\ud83c\uddfd","idd":"+61"},{"name":"Bouvet Island","flag":"\ud83c\udde7\ud83c\uddfb","idd":"+47"},{"name":"Uruguay","flag":"\ud83c\uddfa\ud83c\uddfe","idd":"+598"},{"name":"Iran","flag":"\ud83c\uddee\ud83c\uddf7","idd":"+98"},{"name":"Lebanon","flag":"\ud83c\uddf1\ud83c\udde7","idd":"+961"},{"name":"Tuvalu","flag":"\ud83c\uddf9\ud83c\uddfb","idd":"+688"},{"name":"Kazakhstan","flag":"\ud83c\uddf0\ud83c\uddff","idd":"+76"},{"name":"Cook Islands","flag":"\ud83c\udde8\ud83c\uddf0","idd":"+682"},{"name":"Malaysia","flag":"\ud83c\uddf2\ud83c\uddfe","idd":"+60"},{"name":"United States Minor Outlying Islands","flag":"\ud83c\uddfa\ud83c\uddf2","idd":"+268"},{"name":"France","flag":"\ud83c\uddeb\ud83c\uddf7","idd":"+33"},{"name":"Saint Vincent and the Grenadines","flag":"\ud83c\uddfb\ud83c\udde8","idd":"+1784"},{"name":"Niue","flag":"\ud83c\uddf3\ud83c\uddfa","idd":"+683"},{"name":"Laos","flag":"\ud83c\uddf1\ud83c\udde6","idd":"+856"},{"name":"Malta","flag":"\ud83c\uddf2\ud83c\uddf9","idd":"+356"},{"name":"DR Congo","flag":"\ud83c\udde8\ud83c\udde9","idd":"+243"},{"name":"Aruba","flag":"\ud83c\udde6\ud83c\uddfc","idd":"+297"},{"name":"Panama","flag":"\ud83c\uddf5\ud83c\udde6","idd":"+507"},{"name":"Chad","flag":"\ud83c\uddf9\ud83c\udde9","idd":"+235"},{"name":"Sweden","flag":"\ud83c\uddf8\ud83c\uddea","idd":"+46"},{"name":"Indonesia","flag":"\ud83c\uddee\ud83c\udde9","idd":"+62"},{"name":"Norway","flag":"\ud83c\uddf3\ud83c\uddf4","idd":"+47"},{"name":"Saint Lucia","flag":"\ud83c\uddf1\ud83c\udde8","idd":"+1758"},{"name":"Tokelau","flag":"\ud83c\uddf9\ud83c\uddf0","idd":"+690"},{"name":"Antigua and Barbuda","flag":"\ud83c\udde6\ud83c\uddec","idd":"+1268"},{"name":"Liechtenstein","flag":"\ud83c\uddf1\ud83c\uddee","idd":"+423"},{"name":"Seychelles","flag":"\ud83c\uddf8\ud83c\udde8","idd":"+248"},{"name":"Namibia","flag":"\ud83c\uddf3\ud83c\udde6","idd":"+264"},{"name":"R\u00e9union","flag":"\ud83c\uddf7\ud83c\uddea","idd":"+262"},{"name":"Bahrain","flag":"\ud83c\udde7\ud83c\udded","idd":"+973"},{"name":"French Guiana","flag":"\ud83c\uddec\ud83c\uddeb","idd":"+594"},{"name":"Argentina","flag":"\ud83c\udde6\ud83c\uddf7","idd":"+54"},{"name":"Morocco","flag":"\ud83c\uddf2\ud83c\udde6","idd":"+212"},{"name":"Taiwan","flag":"\ud83c\uddf9\ud83c\uddfc","idd":"+886"},{"name":"Tonga","flag":"\ud83c\uddf9\ud83c\uddf4","idd":"+676"},{"name":"Bosnia and Herzegovina","flag":"\ud83c\udde7\ud83c\udde6","idd":"+387"},{"name":"Andorra","flag":"\ud83c\udde6\ud83c\udde9","idd":"+376"},{"name":"Pakistan","flag":"\ud83c\uddf5\ud83c\uddf0","idd":"+92"},{"name":"Zambia","flag":"\ud83c\uddff\ud83c\uddf2","idd":"+260"},{"name":"Guinea-Bissau","flag":"\ud83c\uddec\ud83c\uddfc","idd":"+245"},{"name":"Guam","flag":"\ud83c\uddec\ud83c\uddfa","idd":"+1671"},{"name":"Saudi Arabia","flag":"\ud83c\uddf8\ud83c\udde6","idd":"+966"},{"name":"Czechia","flag":"\ud83c\udde8\ud83c\uddff","idd":"+420"},{"name":"Armenia","flag":"\ud83c\udde6\ud83c\uddf2","idd":"+374"},{"name":"Vietnam","flag":"\ud83c\uddfb\ud83c\uddf3","idd":"+84"},{"name":"Albania","flag":"\ud83c\udde6\ud83c\uddf1","idd":"+355"},{"name":"Peru","flag":"\ud83c\uddf5\ud83c\uddea","idd":"+51"},{"name":"Sudan","flag":"\ud83c\uddf8\ud83c\udde9","idd":"+249"},{"name":"Solomon Islands","flag":"\ud83c\uddf8\ud83c\udde7","idd":"+677"},{"name":"Cameroon","flag":"\ud83c\udde8\ud83c\uddf2","idd":"+237"},{"name":"Luxembourg","flag":"\ud83c\uddf1\ud83c\uddfa","idd":"+352"},{"name":"Anguilla","flag":"\ud83c\udde6\ud83c\uddee","idd":"+1264"},{"name":"Marshall Islands","flag":"\ud83c\uddf2\ud83c\udded","idd":"+692"},{"name":"North Macedonia","flag":"\ud83c\uddf2\ud83c\uddf0","idd":"+389"},{"name":"Bhutan","flag":"\ud83c\udde7\ud83c\uddf9","idd":"+975"},{"name":"Burundi","flag":"\ud83c\udde7\ud83c\uddee","idd":"+257"},{"name":"New Zealand","flag":"\ud83c\uddf3\ud83c\uddff","idd":"+64"}]